trial_id,profile,frame_id,timestamp_s,x,y
trial-001,F0,224,7.466666666666667,0.4615287184715271,0.9102666974067688
trial-001,F0,225,7.5,0.4616506099700928,0.9108407497406006
trial-001,F0,226,7.533333333333333,0.44702982902526855,0.9172146320343018
trial-001,F0,228,7.6,0.4573287069797516,0.9048885107040405
trial-001,F0,229,7.633333333333334,0.45659369230270386,0.9102352857589722
trial-001,F1,224,7.466666666666667,0.4615287184715271,0.9102666974067688
trial-001,F1,225,7.5,0.4615498265100406,0.9103661064624773
trial-001,F1,226,7.533333333333333,0.45903538809775074,0.9115520705636009
trial-001,F1,228,7.6,0.4585315446377666,0.9095848658995049
trial-001,F1,229,7.633333333333334,0.4581959653545238,0.9096974995745779
trial-001,F2,224,7.466666666666667,0.4615287184715271,0.9102666974067688
trial-001,F2,225,7.5,0.46154982652626286,0.9103661065388764
trial-001,F2,226,7.533333333333333,0.45903392074828864,0.9115527627255159
trial-001,F2,228,7.6,0.45853038102885246,0.9095848478194425
trial-001,F2,229,7.633333333333334,0.45819490353250253,0.9096975181151582
